{"features": ["age", "TSH", "TT4", "T3"], "scaler_mean": [51.892913304111055, 5.2448290441176475, 108.49781073446329, 2.0135168961201497], "scaler_scale": [19.019747647572967, 25.114206312736002, 34.69339638596876, 0.732886550889045], "coef": [-0.11053125264505517, -5.420493454852079, 0.759205180449674, 0.12424649637513444], "intercept": 2.854261615590135}